{"sceneLib":[{"ID":"scene_100001","name":"\u573A\u666F100001","idobj":["obj_100003"],"optobj":[{"ID":"obj_100004","name":"\u5BF9\u8C61100004","uitype":"TYPE_IMAGE","operation":"TYPE_CLICK","ext_operation":"","locator":"obj_100004.jpg","params":{"similarity":0.7,"gray":0,"index":-1,"locator":"obj_100004.jpg","by":"CV","xOffset":0,"yOffset":0,"timeOut":20,"raiseException":0,"LongClickTime":1,"text":"","key":"","repeat":1},"position":[0.6565349544072948,0.1150070126227209,0.7051671732522796,0.13183730715287517],"tscene":null,"bscene":null,"isreturn":false,"bgimage":"","wait":0,"position_lock":1,"animation":0,"is_word":0,"is_transparent":0,"is_highlight":0,"is_new_player":0,"reusable_times":1,"operate_order":0}],"isroot":false,"zindex":0,"recommended_order":0,"is_random_scene":0,"resource":"scene_100001.jpg","direction":1,"activity":"","tag":"","step":"","is_necessary":1,"resolution":[1080,2340]}],"objLib":[{"ID":"obj_100003","name":"\u5BF9\u8C61100003","uitype":"TYPE_IMAGE","locator":"obj_100003.jpg","params":{"similarity":0.7,"gray":0,"index":-1,"locator":"obj_100003.jpg","by":"CV","xOffset":0,"yOffset":0,"timeOut":20,"raiseException":0,"LongClickTime":1,"text":"","key":"","repeat":1},"position":[0.42857142857142855,0.056100981767180924,0.5775075987841944,0.08695652173913043],"bscene":null,"bgimage":"","position_lock":1,"animation":0,"is_word":0,"is_transparent":0,"is_highlight":0,"is_new_player":0,"reusable_times":1,"operate_order":0},{"ID":"obj_100004","name":"\u5BF9\u8C61100004","uitype":"TYPE_IMAGE","locator":"obj_100004.jpg","params":{"similarity":0.7,"gray":0,"index":-1,"locator":"obj_100004.jpg","by":"CV","xOffset":0,"yOffset":0,"timeOut":20,"raiseException":0,"LongClickTime":1,"text":"","key":"","repeat":1},"position":[0.6565349544072948,0.1150070126227209,0.7051671732522796,0.13183730715287517],"bscene":null,"bgimage":"","position_lock":1,"animation":0,"is_word":0,"is_transparent":0,"is_highlight":0,"is_new_player":0,"reusable_times":1,"operate_order":0}],"version":"1","appInfo":{"name":"userInfo","package":"com.tencent.gamereva","start_activity":"com.tencent.gamereva.UfoLaunchActivity","start_wait":10,"focus_wait":false,"operation_wait":5,"apply_unused_account":1,"game_type":"2"}}