{"sceneLib":[{"ID":"scene_100001","name":"\u767B\u5F55\u754C\u9762","idobj":["obj_100002"],"optobj":[{"ID":"obj_100003","name":"\u5FAE\u4FE1\u767B\u9646","uitype":"TYPE_IMAGE","operation":"TYPE_SCRIPT","ext_operation":"playWithWeChatFriends","locator":"obj_100003.jpg","params":{"acc":"123456","pwd":"123456","timeOut":240,"similarity":0.7,"gray":0,"index":-1,"locator":"obj_100003.jpg","by":"CV"},"position":[0.2127659574468085,0.6140350877192983,0.4285714285714286,0.7207602339181287],"tscene":null,"bscene":null,"isreturn":false,"bgimage":"","wait":0,"position_lock":1,"animation":0,"is_word":0,"is_transparent":0,"is_highlight":0,"is_new_player":0,"reusable_times":1,"operate_order":0}],"isroot":false,"zindex":0,"recommended_order":0,"is_random_scene":0,"resource":"scene_100001.jpg","direction":1,"activity":"cn.tagux.wood_joints.activity.MainActivity","tag":"cn.tagux.wood_joints.activity.MainActivity","step":"","is_necessary":1,"resolution":[1080,2244]},{"ID":"scene_100004","name":"Tips\u754C\u9762","idobj":["obj_100005"],"optobj":[{"ID":"obj_100006","name":"\u76F4\u69AB\u81EA\u5B9A\u4E49\u64CD\u4F5C","uitype":"TYPE_IMAGE","operation":"TYPE_SCRIPT","ext_operation":"my_click_image","locator":"obj_100006.jpg","params":{"similarity":0.7,"gray":0,"index":-1,"locator":"obj_100005.jpg","by":"CV","xOffset":0,"yOffset":0,"timeOut":20,"raiseException":0,"LongClickTime":1,"text":"","key":"","repeat":1},"position":[0.3434650455927052,0.3406432748538012,0.6200607902735562,0.6754385964912282],"tscene":null,"bscene":null,"isreturn":false,"bgimage":"","wait":5,"position_lock":1,"animation":0,"is_word":0,"is_transparent":0,"is_highlight":0,"is_new_player":0,"reusable_times":1,"operate_order":0}],"isroot":false,"zindex":0,"recommended_order":0,"is_random_scene":0,"resource":"scene_100004.jpg","direction":1,"activity":"cn.tagux.wood_joints.activity.MainActivity","tag":"cn.tagux.wood_joints.activity.MainActivity","step":"","is_necessary":1,"resolution":[1080,2244]}],"objLib":[{"ID":"obj_100002","name":"\u69AB\u536FLOGO","uitype":"TYPE_IMAGE","locator":"obj_100002.jpg","params":{"similarity":0.7,"gray":0,"index":-1,"locator":"obj_100002.jpg","by":"CV","xOffset":0,"yOffset":0,"timeOut":20,"raiseException":0,"LongClickTime":1,"text":"","key":"","repeat":1},"position":[0.3495440729483283,0.24853801169590642,0.6048632218844985,0.5073099415204678],"bscene":null,"bgimage":"","position_lock":1,"animation":0,"is_word":0,"is_transparent":0,"is_highlight":0,"is_new_player":0,"reusable_times":1,"operate_order":0},{"ID":"obj_100003","name":"\u5FAE\u4FE1\u767B\u9646","uitype":"TYPE_IMAGE","locator":"obj_100003.jpg","params":{"acc":"123456","pwd":"123456","timeOut":240,"similarity":0.7,"gray":0,"index":-1,"locator":"obj_100003.jpg","by":"CV"},"position":[0.2127659574468085,0.6140350877192983,0.4285714285714286,0.7207602339181287],"bscene":null,"bgimage":"","position_lock":1,"animation":0,"is_word":0,"is_transparent":0,"is_highlight":0,"is_new_player":0,"reusable_times":1,"operate_order":0},{"ID":"obj_100005","name":"\u76F4\u69AB\u6807\u8BC6","uitype":"TYPE_IMAGE","locator":"obj_100005.jpg","params":{"similarity":0.7,"gray":0,"index":-1,"locator":"obj_100005.jpg","by":"CV","xOffset":0,"yOffset":0,"timeOut":20,"raiseException":0,"LongClickTime":1,"text":"","key":"","repeat":1},"position":[0.3434650455927052,0.3406432748538012,0.6200607902735562,0.6754385964912282],"bscene":null,"bgimage":"","position_lock":1,"animation":0,"is_word":0,"is_transparent":0,"is_highlight":0,"is_new_player":0,"reusable_times":1,"operate_order":0},{"ID":"obj_100006","name":"\u76F4\u69AB\u81EA\u5B9A\u4E49\u64CD\u4F5C","uitype":"TYPE_IMAGE","locator":"obj_100006.jpg","params":{"similarity":0.7,"gray":0,"index":-1,"locator":"obj_100005.jpg","by":"CV","xOffset":0,"yOffset":0,"timeOut":20,"raiseException":0,"LongClickTime":1,"text":"","key":"","repeat":1},"position":[0.3434650455927052,0.3406432748538012,0.6200607902735562,0.6754385964912282],"bscene":null,"bgimage":"","position_lock":1,"animation":0,"is_word":0,"is_transparent":0,"is_highlight":0,"is_new_player":0,"reusable_times":1,"operate_order":0}],"version":"1","appInfo":{"name":"","package":"com.tencent.sunmao","start_activity":"cn.tagux.wood_joints.activity.MainActivity","start_wait":10,"focus_wait":false,"operation_wait":5,"apply_unused_account":1,"game_type":"2"}}